"day","time","home_team","away_team","home_points","away_points","numOT"
"2017-10-17","08:00 pm","CLE","BOS",110,113,0
"2017-10-17","10:30 pm","GSW","HOU",84,104,0
"2017-10-18","07:00 pm","IND","BRK",121,140,0
"2017-10-18","07:00 pm","DET","CHO",114,109,0
"2017-10-18","07:00 pm","ORL","MIA",102,108,0
"2017-10-18","07:00 pm","WAS","PHI",113,126,0
"2017-10-18","07:30 pm","BOS","MIL",101,125,0
"2017-10-18","08:00 pm","MEM","NOP",93,104,0
"2017-10-18","08:30 pm","DAL","ATL",112,88,0
"2017-10-18","09:00 pm","UTA","DEN",110,101,0
"2017-10-18","09:30 pm","SAS","MIN",127,72,0
"2017-10-18","10:00 pm","SAC","HOU",126,123,0
"2017-10-18","10:00 pm","PHO","POR",126,131,0
"2017-10-19","07:30 pm","TOR","CHI",116,100,0
"2017-10-19","08:00 pm","OKC","NYK",103,139,0
"2017-10-19","10:30 pm","LAL","LAC",133,130,0
"2017-10-20","07:00 pm","CHO","ATL",104,100,0
"2017-10-20","07:00 pm","PHI","BOS",132,134,1
"2017-10-20","07:00 pm","MIL","CLE",89,131,0
"2017-10-20","07:00 pm","WAS","DET",91,99,0
"2017-10-20","07:00 pm","IND","POR",106,82,0
"2017-10-20","07:30 pm","BRK","ORL",103,93,0
"2017-10-20","08:00 pm","MIN","UTA",113,100,0
"2017-10-20","08:30 pm","DAL","SAC",86,99,0
"2017-10-20","09:30 pm","NOP","GSW",90,108,0
"2017-10-20","10:00 pm","PHO","LAL",117,116,0
"2017-10-21","07:30 pm","TOR","PHI",89,107,0
"2017-10-21","08:00 pm","HOU","DAL",111,120,0
"2017-10-21","08:00 pm","NYK","DET",115,102,0
"2017-10-21","08:00 pm","MEM","GSW",106,101,0
"2017-10-21","08:00 pm","MIA","IND",97,93,0
"2017-10-21","08:00 pm","CLE","ORL",119,108,0
"2017-10-21","08:00 pm","CHI","SAS",88,119,0
"2017-10-21","08:30 pm","MIL","POR",92,91,0
"2017-10-21","09:00 pm","UTA","OKC",91,84,0
"2017-10-21","09:00 pm","DEN","SAC",114,108,0
"2017-10-21","10:30 pm","LAC","PHO",120,104,0
"2017-10-22","03:30 pm","BRK","ATL",100,111,0
"2017-10-22","07:00 pm","OKC","MIN",109,113,0
"2017-10-22","09:30 pm","LAL","NOP",115,99,0
"2017-10-23","07:00 pm","DET","PHI",85,105,0
"2017-10-23","07:30 pm","MIA","ATL",96,115,0
"2017-10-23","08:00 pm","MIL","CHO",114,106,0
"2017-10-23","08:00 pm","HOU","MEM",120,102,0
"2017-10-23","08:30 pm","DAL","GSW",80,83,0
"2017-10-23","08:30 pm","SAS","TOR",114,88,0
"2017-10-23","09:00 pm","DEN","WAS",132,94,0
"2017-10-23","10:00 pm","PHO","SAC",93,126,0
"2017-10-24","07:00 pm","ORL","BRK",98,107,0
"2017-10-24","07:00 pm","CLE","CHI",120,85,0
"2017-10-24","07:30 pm","BOS","NYK",122,108,0
"2017-10-24","08:00 pm","MIN","IND",118,109,0
"2017-10-24","10:00 pm","POR","NOP",130,111,0
"2017-10-24","10:30 pm","LAC","UTA",97,87,0
"2017-10-25","07:00 pm","CHO","DEN",94,99,0
"2017-10-25","07:00 pm","PHI","HOU",127,111,0
"2017-10-25","07:00 pm","DET","MIN",117,100,0
"2017-10-25","07:30 pm","BRK","CLE",108,113,0
"2017-10-25","08:00 pm","OKC","IND",120,112,1
"2017-10-25","08:00 pm","MIA","SAS",110,92,0
"2017-10-25","08:30 pm","DAL","MEM",81,107,0
"2017-10-25","10:00 pm","PHO","UTA",109,111,0
"2017-10-25","10:30 pm","GSW","TOR",108,124,0
"2017-10-25","10:30 pm","LAL","WAS",106,114,0
"2017-10-26","08:00 pm","CHI","ATL",76,124,0
"2017-10-26","08:00 pm","MIL","BOS",98,118,0
"2017-10-26","08:00 pm","MEM","DAL",88,121,0
"2017-10-26","10:00 pm","POR","LAC",109,106,0
"2017-10-26","10:30 pm","SAC","NOP",95,101,0
"2017-10-27","07:00 pm","CHO","HOU",106,110,0
"2017-10-27","07:00 pm","ORL","SAS",112,101,0
"2017-10-27","07:30 pm","NYK","BRK",116,109,0
"2017-10-27","07:30 pm","ATL","DEN",96,92,0
"2017-10-27","08:00 pm","MIN","OKC",122,103,0
"2017-10-27","10:30 pm","LAL","TOR",82,111,0
"2017-10-27","10:30 pm","GSW","WAS",121,76,0
"2017-10-28","07:00 pm","NOP","CLE",117,118,0
"2017-10-28","08:00 pm","MIA","BOS",123,129,0
"2017-10-28","08:00 pm","MEM","HOU",108,113,0
"2017-10-28","08:00 pm","CHI","OKC",115,114,0
"2017-10-28","08:30 pm","DAL","PHI",103,99,0
"2017-10-28","09:00 pm","UTA","LAL",123,109,0
"2017-10-28","10:00 pm","POR","PHO",99,104,0
"2017-10-28","10:30 pm","LAC","DET",97,107,0
"2017-10-29","03:30 pm","ATL","MIL",69,103,0
"2017-10-29","04:30 pm","IND","SAS",98,102,0
"2017-10-29","06:00 pm","BRK","DEN",106,148,0
"2017-10-29","06:00 pm","CHO","ORL",124,101,0
"2017-10-29","06:00 pm","SAC","WAS",104,103,0
"2017-10-29","07:00 pm","CLE","NYK",110,83,0
"2017-10-29","08:30 pm","GSW","DET",113,88,0
"2017-10-30","07:30 pm","NYK","DEN",106,96,0
"2017-10-30","07:30 pm","MIA","MIN",113,88,0
"2017-10-30","07:30 pm","BOS","SAS",111,108,0
"2017-10-30","08:00 pm","MEM","CHO",115,125,0
"2017-10-30","08:00 pm","NOP","ORL",117,142,0
"2017-10-30","08:00 pm","HOU","PHI",108,87,0
"2017-10-30","09:00 pm","UTA","DAL",109,102,0
"2017-10-30","10:00 pm","POR","TOR",108,113,0
"2017-10-30","10:30 pm","LAC","GSW",89,93,0
"2017-10-31","07:00 pm","IND","SAC",88,109,0
"2017-10-31","07:30 pm","BRK","PHO",110,112,0
"2017-10-31","08:00 pm","MIL","OKC",104,122,0
"2017-10-31","10:30 pm","LAL","DET",92,78,0
"2017-11-01","07:00 pm","PHI","ATL",106,87,0
"2017-11-01","07:00 pm","CLE","IND",104,96,0
"2017-11-01","07:00 pm","CHO","MIL",123,116,0
"2017-11-01","07:00 pm","WAS","PHO",100,123,0
"2017-11-01","07:30 pm","MIA","CHI",96,95,0
"2017-11-01","07:30 pm","BOS","SAC",110,114,0
"2017-11-01","08:00 pm","NYK","HOU",94,110,0
"2017-11-01","08:00 pm","NOP","MIN",101,115,0
"2017-11-01","08:00 pm","MEM","ORL",83,99,0
"2017-11-01","09:00 pm","UTA","POR",103,79,0
"2017-11-01","09:00 pm","DEN","TOR",124,111,0
"2017-11-01","10:30 pm","LAC","DAL",116,118,0
"2017-11-02","08:00 pm","SAS","GSW",77,92,0
"2017-11-02","10:30 pm","POR","LAL",118,106,0
"2017-11-03","07:00 pm","ORL","CHI",86,103,0
"2017-11-03","07:00 pm","WAS","CLE",95,99,0
"2017-11-03","07:00 pm","PHI","IND",121,118,1
"2017-11-03","07:00 pm","DET","MIL",90,84,0
"2017-11-03","07:30 pm","ATL","HOU",102,119,0
"2017-11-03","07:30 pm","NYK","PHO",97,111,0
"2017-11-03","08:30 pm","SAS","CHO",114,119,1
"2017-11-03","08:30 pm","DAL","NOP",74,77,0
"2017-11-03","09:00 pm","DEN","MIA",108,96,0
"2017-11-03","09:00 pm","UTA","TOR",98,95,0
"2017-11-03","09:30 pm","OKC","BOS",136,135,2
"2017-11-03","10:30 pm","LAL","BRK",125,107,0
"2017-11-04","03:30 pm","LAC","MEM",97,122,0
"2017-11-04","07:00 pm","DET","SAC",105,114,0
"2017-11-04","08:00 pm","MIN","DAL",112,103,1
"2017-11-04","08:00 pm","CHI","NOP",83,99,0
"2017-11-04","09:00 pm","DEN","GSW",108,118,0
"2017-11-05","03:00 pm","CLE","ATL",112,100,0
"2017-11-05","03:30 pm","LAC","MIA",123,96,0
"2017-11-05","06:00 pm","ORL","BOS",131,102,0
"2017-11-05","06:00 pm","TOR","WAS",117,85,0
"2017-11-05","07:00 pm","SAS","PHO",118,107,0
"2017-11-05","07:00 pm","HOU","UTA",105,98,0
"2017-11-05","07:30 pm","NYK","IND",108,89,0
"2017-11-05","08:00 pm","MIN","CHO",112,124,0
"2017-11-05","09:00 pm","POR","OKC",112,110,0
"2017-11-05","09:30 pm","LAL","MEM",88,115,0
"2017-11-06","07:30 pm","ATL","BOS",90,79,0
"2017-11-06","09:00 pm","PHO","BRK",114,126,0
"2017-11-06","10:30 pm","GSW","MIA",92,100,0
"2017-11-07","07:00 pm","WAS","DAL",104,101,0
"2017-11-07","07:00 pm","CLE","MIL",121,88,0
"2017-11-07","07:00 pm","IND","NOP",111,92,0
"2017-11-07","07:30 pm","NYK","CHO",118,92,0
"2017-11-07","07:30 pm","TOR","CHI",95,84,0
"2017-11-07","08:30 pm","SAS","LAC",103,105,0
"2017-11-07","09:00 pm","DEN","BRK",101,107,0
"2017-11-07","09:00 pm","UTA","PHI",113,104,0
"2017-11-07","10:00 pm","POR","MEM",116,115,0
"2017-11-07","10:00 pm","SAC","OKC",97,113,0
"2017-11-08","07:00 pm","DET","IND",104,95,0
"2017-11-08","07:00 pm","ORL","NYK",94,97,0
"2017-11-08","08:00 pm","BOS","LAL",93,97,0
"2017-11-08","09:00 pm","PHO","MIA",115,110,0
"2017-11-08","10:30 pm","GSW","MIN",119,106,0
"2017-11-09","07:00 pm","WAS","LAL",88,113,0
"2017-11-09","07:30 pm","TOR","NOP",99,96,0
"2017-11-09","08:00 pm","HOU","CLE",132,77,0
"2017-11-09","10:00 pm","SAC","PHI",106,112,0
"2017-11-09","10:30 pm","DEN","OKC",108,115,0
"2017-11-10","07:00 pm","DET","ATL",119,89,0
"2017-11-10","07:30 pm","BOS","CHO",124,102,0
"2017-11-10","08:00 pm","CHI","IND",104,84,0
"2017-11-10","09:00 pm","OKC","LAC",106,127,0
"2017-11-10","09:00 pm","UTA","MIA",109,115,0
"2017-11-10","09:00 pm","SAS","MIL",101,93,0
"2017-11-10","09:00 pm","PHO","ORL",97,109,0
"2017-11-10","10:00 pm","POR","BRK",108,111,0
"2017-11-11","07:00 pm","WAS","ATL",106,120,0
"2017-11-11","07:00 pm","NOP","LAC",100,89,0
"2017-11-11","08:00 pm","HOU","MEM",86,123,0
"2017-11-11","08:00 pm","NYK","SAC",110,111,0
"2017-11-11","08:30 pm","SAS","CHI",101,100,0
"2017-11-11","08:30 pm","DAL","CLE",110,107,0
"2017-11-11","08:30 pm","MIL","LAL",103,89,0
"2017-11-11","08:30 pm","GSW","PHI",118,82,0
"2017-11-11","09:00 pm","UTA","BRK",108,84,0
"2017-11-11","09:00 pm","PHO","MIN",131,106,0
"2017-11-11","09:00 pm","DEN","ORL",118,113,0
"2017-11-12","03:30 pm","BOS","TOR",100,98,0
"2017-11-12","04:00 pm","DET","MIA",126,123,0
"2017-11-12","06:00 pm","IND","HOU",89,101,0
"2017-11-12","07:00 pm","OKC","DAL",106,129,0
"2017-11-13","07:00 pm","WAS","SAC",58,113,0
"2017-11-13","07:30 pm","NYK","CLE",90,108,0
"2017-11-13","08:00 pm","NOP","ATL",80,106,0
"2017-11-13","08:00 pm","MIL","MEM",108,96,0
"2017-11-13","09:00 pm","PHO","LAL",140,105,0
"2017-11-13","09:00 pm","UTA","MIN",106,103,1
"2017-11-13","10:00 pm","POR","DEN",105,116,0
"2017-11-13","10:30 pm","GSW","ORL",116,61,0
"2017-11-13","10:30 pm","LAC","PHI",104,119,0
"2017-11-14","07:30 pm","BRK","BOS",118,108,0
"2017-11-14","08:00 pm","HOU","TOR",90,94,0
"2017-11-14","08:30 pm","DAL","SAS",114,116,0
"2017-11-15","07:30 pm","ATL","SAC",85,86,0
"2017-11-15","07:30 pm","NYK","UTA",85,86,0
"2017-11-15","07:30 pm","MIA","WAS",103,101,0
"2017-11-15","08:00 pm","OKC","CHI",91,87,0
"2017-11-15","08:00 pm","CHO","CLE",102,113,0
"2017-11-15","08:00 pm","MIL","DET",129,99,0
"2017-11-15","08:00 pm","MEM","IND",108,74,0
"2017-11-15","08:00 pm","MIN","SAS",107,146,0
"2017-11-15","08:00 pm","NOP","TOR",78,99,0
"2017-11-15","10:00 pm","POR","ORL",106,114,0
"2017-11-15","10:30 pm","LAL","PHI",101,115,0
"2017-11-16","08:00 pm","BOS","GSW",121,114,0
"2017-11-16","10:30 pm","PHO","HOU",130,133,1
"2017-11-17","07:00 pm","IND","DET",103,77,0
"2017-11-17","07:00 pm","WAS","MIA",127,95,0
"2017-11-17","07:30 pm","CLE","LAC",139,112,0
"2017-11-17","07:30 pm","TOR","NYK",90,66,0
"2017-11-17","07:30 pm","BRK","UTA",95,89,0
"2017-11-17","08:00 pm","CHI","CHO",110,103,0
"2017-11-17","08:00 pm","SAS","OKC",114,119,0
"2017-11-17","08:30 pm","DAL","MIN",105,117,0
"2017-11-17","10:00 pm","SAC","POR",97,116,0
"2017-11-17","10:30 pm","DEN","NOP",91,103,0
"2017-11-17","10:30 pm","LAL","PHO",120,105,0
"2017-11-18","07:00 pm","CHO","LAC",74,118,0
"2017-11-18","07:00 pm","ORL","UTA",117,78,0
"2017-11-18","07:30 pm","ATL","BOS",102,107,0
"2017-11-18","07:30 pm","PHI","GSW",116,112,0
"2017-11-18","08:00 pm","MEM","HOU",119,104,0
"2017-11-18","09:00 pm","DAL","MIL",114,110,0
"2017-11-18","10:00 pm","POR","SAC",107,109,0
"2017-11-19","03:30 pm","MIA","IND",103,121,0
"2017-11-19","06:00 pm","BRK","GSW",98,110,0
"2017-11-19","06:00 pm","TOR","WAS",107,122,0
"2017-11-19","07:00 pm","MIN","DET",88,106,0
"2017-11-19","08:00 pm","PHO","CHI",109,98,0
"2017-11-19","09:30 pm","LAL","DEN",103,109,0
"2017-11-20","07:00 pm","DET","CLE",127,82,0
"2017-11-20","07:00 pm","ORL","IND",104,106,0
"2017-11-20","07:00 pm","CHO","MIN",117,98,0
"2017-11-20","07:00 pm","PHI","UTA",109,86,0
"2017-11-20","07:30 pm","NYK","LAC",101,103,0
"2017-11-20","08:00 pm","NOP","OKC",106,97,0
"2017-11-20","08:00 pm","MEM","POR",108,120,0
"2017-11-20","08:00 pm","MIL","WAS",113,119,0
"2017-11-20","08:30 pm","SAS","ATL",111,81,0
"2017-11-20","08:30 pm","DAL","BOS",94,111,0
"2017-11-20","10:00 pm","SAC","DEN",103,107,0
"2017-11-21","10:30 pm","LAL","CHI",116,102,0
"2017-11-22","07:00 pm","CLE","BRK",118,123,0
"2017-11-22","07:00 pm","PHI","POR",90,111,0
"2017-11-22","07:00 pm","CHO","WAS",112,107,0
"2017-11-22","07:30 pm","MIA","BOS",124,107,0
"2017-11-22","07:30 pm","ATL","LAC",104,137,0
"2017-11-22","07:30 pm","NYK","TOR",105,112,0
"2017-11-22","08:00 pm","MEM","DAL",113,114,0
"2017-11-22","08:00 pm","HOU","DEN",91,113,0
"2017-11-22","08:00 pm","OKC","GSW",81,116,0
"2017-11-22","08:00 pm","MIN","ORL",113,97,0
"2017-11-22","08:00 pm","NOP","SAS",88,93,0
"2017-11-22","09:00 pm","UTA","CHI",91,94,0
"2017-11-22","09:00 pm","PHO","MIL",117,116,0
"2017-11-22","10:30 pm","SAC","LAL",92,101,0
"2017-11-24","07:30 pm","ATL","NYK",112,90,0
"2017-11-24","07:30 pm","BOS","ORL",122,108,0
"2017-11-24","08:00 pm","CLE","CHO",120,100,0
"2017-11-24","08:00 pm","OKC","DET",105,101,0
"2017-11-24","08:00 pm","MIN","MIA",111,106,0
"2017-11-24","08:00 pm","IND","TOR",114,117,1
"2017-11-24","09:00 pm","DEN","MEM",125,100,0
"2017-11-24","09:00 pm","PHO","NOP",123,117,0
"2017-11-24","10:30 pm","GSW","CHI",117,120,2
"2017-11-24","12:00 pm","BRK","POR",94,115,0
"2017-11-25","07:00 pm","PHI","ORL",115,98,0
"2017-11-25","07:00 pm","WAS","POR",123,80,0
"2017-11-25","07:00 pm","CHO","SAS",114,80,0
"2017-11-25","07:30 pm","ATL","TOR",115,97,0
"2017-11-25","08:00 pm","IND","BOS",114,109,0
"2017-11-25","08:00 pm","HOU","NYK",104,101,0
"2017-11-25","08:30 pm","GSW","NOP",118,93,0
"2017-11-25","08:30 pm","DAL","OKC",80,97,0
"2017-11-25","09:00 pm","UTA","MIL",102,75,0
"2017-11-25","10:00 pm","SAC","LAC",93,122,0
"2017-11-26","03:30 pm","CHI","MIA",86,101,0
"2017-11-26","03:30 pm","MIN","PHO",114,101,0
"2017-11-26","06:00 pm","MEM","BRK",105,86,0
"2017-11-27","07:00 pm","PHI","CLE",102,111,0
"2017-11-27","07:00 pm","IND","ORL",96,86,0
"2017-11-27","07:30 pm","BOS","DET",90,135,0
"2017-11-27","07:30 pm","NYK","POR",98,123,0
"2017-11-27","08:00 pm","HOU","BRK",122,107,0
"2017-11-27","08:30 pm","SAS","DAL",85,113,0
"2017-11-27","10:30 pm","LAC","LAL",106,101,0
"2017-11-27","10:30 pm","GSW","SAC",111,107,0
"2017-11-28","07:00 pm","CLE","MIA",129,93,0
"2017-11-28","08:00 pm","CHI","PHO",104,109,0
"2017-11-28","08:00 pm","MIN","WAS",110,104,0
"2017-11-28","10:00 pm","UTA","DEN",100,86,0
"2017-11-28","10:00 pm","SAC","MIL",98,109,0
"2017-11-29","07:00 pm","ORL","OKC",102,133,0
"2017-11-29","07:00 pm","DET","PHO",97,93,0
"2017-11-29","07:00 pm","PHI","WAS",118,113,0
"2017-11-29","07:30 pm","TOR","CHO",107,118,0
"2017-11-29","07:30 pm","NYK","MIA",98,96,0
"2017-11-29","08:00 pm","HOU","IND",111,102,0
"2017-11-29","08:00 pm","NOP","MIN",110,102,1
"2017-11-29","08:30 pm","DAL","BRK",121,91,0
"2017-11-29","08:30 pm","SAS","MEM",143,133,1
"2017-11-29","10:30 pm","LAL","GSW",108,111,0
"2017-11-30","07:30 pm","ATL","CLE",113,100,0
"2017-11-30","07:30 pm","BOS","PHI",72,107,0
"2017-11-30","09:00 pm","DEN","CHI",99,98,0
"2017-11-30","10:00 pm","POR","MIL",126,86,0
"2017-11-30","10:30 pm","LAC","UTA",89,85,0
"2017-12-01","07:00 pm","WAS","DET",105,95,0
"2017-12-01","07:00 pm","ORL","GSW",92,104,0
"2017-12-01","07:30 pm","TOR","IND",105,102,0
"2017-12-01","08:00 pm","MIA","CHO",99,115,0
"2017-12-01","08:00 pm","OKC","MIN",127,136,0
"2017-12-01","08:00 pm","CHI","SAC",100,89,0
"2017-12-01","08:00 pm","MEM","SAS",114,108,0
"2017-12-01","09:00 pm","UTA","NOP",100,99,0
"2017-12-02","01:00 pm","BOS","PHO",146,152,1
"2017-12-02","02:00 pm","DAL","LAC",104,86,0
"2017-12-02","03:00 pm","BRK","ATL",108,99,0
"2017-12-02","07:30 pm","PHI","DET",87,101,0
"2017-12-02","07:30 pm","CLE","MEM",85,108,0
"2017-12-02","08:30 pm","MIL","SAC",107,89,0
"2017-12-02","09:00 pm","DEN","LAL",115,109,0
"2017-12-02","10:00 pm","POR","NOP",112,108,0
"2017-12-03","03:30 pm","NYK","ORL",113,80,0
"2017-12-03","07:00 pm","MIA","GSW",94,126,0
"2017-12-03","07:00 pm","MIN","LAC",108,121,0
"2017-12-03","07:00 pm","OKC","SAS",101,103,0
"2017-12-03","09:30 pm","LAL","HOU",106,124,0
"2017-12-04","07:00 pm","IND","NYK",102,109,0
"2017-12-04","07:00 pm","CHO","ORL",113,111,0
"2017-12-04","07:00 pm","PHI","PHO",117,107,0
"2017-12-04","07:30 pm","ATL","BRK",92,103,0
"2017-12-04","07:30 pm","BOS","MIL",115,95,0
"2017-12-04","08:00 pm","CHI","CLE",108,120,0
"2017-12-04","08:00 pm","NOP","GSW",103,115,0
"2017-12-04","08:00 pm","MEM","MIN",113,100,0
"2017-12-04","08:30 pm","DAL","DEN",100,118,0
"2017-12-04","08:30 pm","SAS","DET",119,82,0
"2017-12-04","09:00 pm","UTA","WAS",78,97,0
"2017-12-05","07:30 pm","TOR","PHO",120,89,0
"2017-12-05","08:00 pm","OKC","UTA",100,77,0
"2017-12-05","10:00 pm","POR","WAS",108,97,0
"2017-12-06","07:00 pm","ORL","ATL",115,110,0
"2017-12-06","07:00 pm","IND","CHI",97,113,0
"2017-12-06","07:00 pm","CLE","SAC",139,114,0
"2017-12-06","07:30 pm","BOS","DAL",123,129,0
"2017-12-06","07:30 pm","NYK","MEM",110,118,0
"2017-12-06","08:00 pm","NOP","DEN",103,102,0
"2017-12-06","08:00 pm","MIL","DET",122,98,0
"2017-12-06","08:00 pm","CHO","GSW",112,104,0
"2017-12-06","08:30 pm","SAS","MIA",106,87,0
"2017-12-06","10:30 pm","LAC","MIN",111,104,0
"2017-12-07","08:00 pm","PHI","LAL",110,113,0
"2017-12-07","09:00 pm","PHO","WAS",123,121,0
"2017-12-07","10:00 pm","BRK","OKC",114,125,0
"2017-12-07","10:30 pm","UTA","HOU",113,95,0
"2017-12-08","07:00 pm","CHO","CHI",114,92,0
"2017-12-08","07:00 pm","IND","CLE",104,100,0
"2017-12-08","07:00 pm","ORL","DEN",95,87,0
"2017-12-08","07:00 pm","DET","GSW",108,97,0
"2017-12-08","08:00 pm","MIL","DAL",100,108,0
"2017-12-08","08:00 pm","NOP","SAC",101,116,0
"2017-12-08","08:00 pm","MEM","TOR",110,119,0
"2017-12-08","09:30 pm","SAS","BOS",113,84,0
"2017-12-09","03:30 pm","LAC","WAS",124,125,1
"2017-12-09","06:00 pm","BRK","MIA",112,93,0
"2017-12-09","07:00 pm","CHO","LAL",102,119,0
"2017-12-09","07:30 pm","ATL","ORL",92,91,0
"2017-12-09","08:00 pm","CHI","NYK",98,122,0
"2017-12-09","08:00 pm","CLE","PHI",106,120,0
"2017-12-09","08:30 pm","MIL","UTA",101,95,0
"2017-12-09","09:00 pm","MEM","OKC",115,101,0
"2017-12-09","09:00 pm","PHO","SAS",99,128,0
"2017-12-09","10:00 pm","POR","HOU",111,106,0
"2017-12-10","03:30 pm","SAC","TOR",130,88,0
"2017-12-10","04:00 pm","DET","BOS",120,111,0
"2017-12-10","05:00 pm","IND","DEN",111,112,0
"2017-12-10","07:00 pm","MIN","DAL",114,82,0
"2017-12-10","07:00 pm","NOP","PHI",104,110,0
"2017-12-10","07:30 pm","NYK","ATL",108,70,0
"2017-12-11","08:00 pm","CHI","BOS",105,100,0
"2017-12-11","08:00 pm","OKC","CHO",111,97,0
"2017-12-11","08:00 pm","MEM","MIA",127,101,0
"2017-12-11","08:00 pm","HOU","NOP",124,97,0
"2017-12-11","10:30 pm","GSW","POR",110,104,0
"2017-12-11","10:30 pm","LAC","TOR",96,104,0
"2017-12-12","07:00 pm","CLE","ATL",97,110,0
"2017-12-12","07:00 pm","DET","DEN",106,95,0
"2017-12-12","07:00 pm","NYK","LAL",99,106,0
"2017-12-12","07:30 pm","BRK","WAS",91,117,0
"2017-12-12","08:00 pm","MIN","PHI",120,99,0
"2017-12-12","09:30 pm","DAL","SAS",105,103,0
"2017-12-12","10:00 pm","SAC","PHO",146,106,0
"2017-12-13","07:00 pm","ORL","LAC",95,106,0
"2017-12-13","07:00 pm","WAS","MEM",121,96,0
"2017-12-13","07:00 pm","IND","OKC",112,109,0
"2017-12-13","07:30 pm","BOS","DEN",114,108,0
"2017-12-13","07:30 pm","MIA","POR",115,97,0
"2017-12-13","08:00 pm","NOP","MIL",108,107,0
"2017-12-13","08:00 pm","CHI","UTA",73,108,0
"2017-12-13","09:00 pm","PHO","TOR",117,140,0
"2017-12-13","09:30 pm","HOU","CHO",110,111,0
"2017-12-14","07:30 pm","ATL","DET",79,90,0
"2017-12-14","07:30 pm","BRK","NYK",89,88,0
"2017-12-14","08:00 pm","CLE","LAL",127,105,0
"2017-12-14","08:00 pm","MIN","SAC",114,95,0
"2017-12-14","10:30 pm","GSW","DAL",136,90,0
"2017-12-15","07:00 pm","IND","DET",97,107,0
"2017-12-15","07:00 pm","WAS","LAC",108,114,0
"2017-12-15","07:00 pm","CHO","MIA",92,117,0
"2017-12-15","07:00 pm","PHI","OKC",124,104,0
"2017-12-15","07:00 pm","ORL","POR",107,90,0
"2017-12-15","07:30 pm","TOR","BRK",104,95,0
"2017-12-15","07:30 pm","BOS","UTA",100,98,0
"2017-12-15","08:00 pm","MEM","ATL",112,109,0
"2017-12-15","08:00 pm","MIL","CHI",118,106,0
"2017-12-15","09:00 pm","DEN","NOP",119,109,0
"2017-12-15","09:30 pm","HOU","SAS",108,125,0
"2017-12-16","07:00 pm","CHO","POR",112,133,0
"2017-12-16","07:30 pm","NYK","OKC",121,97,0
"2017-12-16","07:30 pm","CLE","UTA",110,102,0
"2017-12-16","08:00 pm","MIA","LAC",98,130,0
"2017-12-16","08:00 pm","HOU","MIL",110,105,0
"2017-12-16","08:00 pm","MIN","PHO",134,104,0
"2017-12-16","08:30 pm","SAS","DAL",113,125,0
"2017-12-16","09:00 pm","MEM","BOS",104,139,0
"2017-12-17","03:30 pm","TOR","SAC",108,90,0
"2017-12-17","04:00 pm","DET","ORL",116,115,0
"2017-12-17","06:00 pm","WAS","CLE",121,117,0
"2017-12-17","06:00 pm","BRK","IND",107,103,0
"2017-12-18","07:00 pm","IND","BOS",96,99,0
"2017-12-18","07:00 pm","CHO","NYK",107,91,0
"2017-12-18","07:30 pm","ATL","MIA",79,100,0
"2017-12-18","08:00 pm","OKC","DEN",126,97,0
"2017-12-18","08:00 pm","CHI","PHI",84,99,0
"2017-12-18","08:00 pm","MIN","POR",118,98,0
"2017-12-18","08:00 pm","HOU","UTA",88,87,0
"2017-12-18","08:30 pm","SAS","LAC",96,128,0
"2017-12-18","08:30 pm","DAL","PHO",124,101,0
"2017-12-18","10:30 pm","LAL","GSW",98,109,0
"2017-12-19","07:00 pm","WAS","NOP",90,106,0
"2017-12-19","07:00 pm","PHI","SAC",92,111,0
"2017-12-19","08:00 pm","MIL","CLE",115,109,0
"2017-12-20","07:00 pm","CHO","TOR",119,97,0
"2017-12-20","07:30 pm","ATL","IND",101,119,0
"2017-12-20","07:30 pm","BOS","MIA",96,112,0
"2017-12-20","07:30 pm","BRK","SAC",105,114,0
"2017-12-20","08:00 pm","HOU","LAL",98,108,0
"2017-12-20","08:00 pm","CHI","ORL",97,107,0
"2017-12-20","08:00 pm","OKC","UTA",100,93,0
"2017-12-20","08:30 pm","DAL","DET",91,99,0
"2017-12-20","09:00 pm","DEN","MIN",103,100,0
"2017-12-20","10:00 pm","POR","SAS",92,99,0
"2017-12-20","10:30 pm","GSW","MEM",115,87,0
"2017-12-20","10:30 pm","LAC","PHO",118,94,0
"2017-12-21","07:00 pm","CLE","CHI",113,91,0
"2017-12-21","07:00 pm","PHI","TOR",116,97,0
"2017-12-21","08:00 pm","NYK","BOS",100,105,0
"2017-12-21","09:00 pm","PHO","MEM",121,133,0
"2017-12-21","10:30 pm","UTA","SAS",89,86,0
"2017-12-22","07:00 pm","ORL","NOP",100,105,0
"2017-12-22","07:00 pm","DET","NYK",112,109,0
"2017-12-22","07:30 pm","BRK","WAS",114,115,0
"2017-12-22","08:00 pm","OKC","ATL",115,109,0
"2017-12-22","08:00 pm","MIL","CHO",102,99,0
"2017-12-22","08:00 pm","MIA","DAL",115,94,0
"2017-12-22","08:00 pm","HOU","LAC",121,109,0
"2017-12-22","10:00 pm","POR","DEN",116,111,0
"2017-12-22","10:30 pm","GSW","LAL",108,98,0
"2017-12-23","05:00 pm","TOR","PHI",108,114,0
"2017-12-23","07:00 pm","IND","BRK",110,114,1
"2017-12-23","07:00 pm","CHO","MIL",102,103,0
"2017-12-23","07:00 pm","WAS","ORL",121,96,0
"2017-12-23","07:30 pm","BOS","CHI",88,123,0
"2017-12-23","07:30 pm","ATL","DAL",97,94,0
"2017-12-23","08:00 pm","MEM","LAC",112,102,0
"2017-12-23","08:00 pm","MIA","NOP",105,113,0
"2017-12-23","08:00 pm","UTA","OKC",111,99,0
"2017-12-23","08:30 pm","GSW","DEN",120,118,1
"2017-12-23","09:00 pm","PHO","MIN",118,104,0
"2017-12-23","09:30 pm","LAL","POR",113,114,1
"2017-12-23","10:00 pm","SAC","SAS",104,85,0
"2017-12-25","03:00 pm","GSW","CLE",115,85,0
"2017-12-25","05:30 pm","BOS","WAS",110,95,0
"2017-12-25","08:00 pm","OKC","HOU",97,131,0
"2017-12-25","10:30 pm","LAL","MIN",111,120,0
"2017-12-25","12:00 pm","NYK","PHI",93,125,0
"2017-12-26","07:00 pm","DET","IND",128,100,0
"2017-12-26","07:00 pm","DAL","TOR",101,107,0
"2017-12-26","07:30 pm","MIA","ORL",117,92,0
"2017-12-26","08:00 pm","MIL","CHI",115,108,0
"2017-12-26","08:30 pm","SAS","BRK",96,93,0
"2017-12-26","09:00 pm","PHO","MEM",115,116,0
"2017-12-26","09:00 pm","DEN","UTA",103,80,0
"2017-12-26","10:30 pm","LAC","SAC",121,120,0
"2017-12-27","07:00 pm","CHO","BOS",106,110,0
"2017-12-27","07:00 pm","IND","DAL",118,107,1
"2017-12-27","07:30 pm","ATL","WAS",101,107,0
"2017-12-27","08:00 pm","NOP","BRK",128,97,0
"2017-12-27","08:00 pm","MIN","DEN",112,124,0
"2017-12-27","08:00 pm","CHI","NYK",131,105,0
"2017-12-27","08:00 pm","OKC","TOR",104,132,0
"2017-12-27","10:00 pm","SAC","CLE",111,112,0
"2017-12-27","10:30 pm","LAL","MEM",93,87,0
"2017-12-27","10:30 pm","GSW","UTA",108,89,0
"2017-12-28","07:00 pm","ORL","DET",94,89,0
"2017-12-28","08:00 pm","BOS","HOU",108,131,0
"2017-12-28","08:00 pm","MIL","MIN",126,103,0
"2017-12-28","08:30 pm","SAS","NYK",104,110,0
"2017-12-28","10:30 pm","POR","PHI",142,104,0
"2017-12-29","07:00 pm","WAS","HOU",115,122,0
"2017-12-29","07:30 pm","TOR","ATL",107,105,0
"2017-12-29","08:00 pm","MIA","BRK",119,113,0
"2017-12-29","08:00 pm","NOP","DAL",71,102,0
"2017-12-29","08:00 pm","CHI","IND",95,91,0
"2017-12-29","08:00 pm","OKC","MIL",102,110,0
"2017-12-29","10:00 pm","SAC","PHO",129,108,0
"2017-12-29","10:30 pm","GSW","CHO",123,117,0
"2017-12-29","10:30 pm","LAL","LAC",121,91,0
"2017-12-30","07:00 pm","ORL","MIA",114,121,0
"2017-12-30","07:00 pm","NOP","NYK",93,109,0
"2017-12-30","07:00 pm","DET","SAS",106,119,0
"2017-12-30","07:30 pm","ATL","POR",111,105,0
"2017-12-30","08:00 pm","UTA","CLE",109,107,0
"2017-12-30","08:30 pm","GSW","MEM",131,119,0
"2017-12-30","09:00 pm","DEN","PHI",107,86,0
"2017-12-31","03:30 pm","WAS","CHI",116,119,1
"2017-12-31","05:00 pm","IND","MIN",104,97,0
"2017-12-31","05:30 pm","BOS","BRK",126,105,0
"2017-12-31","07:00 pm","LAC","CHO",131,126,0
"2017-12-31","07:00 pm","OKC","DAL",110,114,0
"2017-12-31","07:00 pm","HOU","LAL",123,95,0
"2017-12-31","07:00 pm","SAC","MEM",135,119,0
"2017-12-31","08:00 pm","PHO","PHI",114,111,0
"2018-01-01","07:30 pm","TOR","MIL",94,98,0
"2018-01-01","07:30 pm","BRK","ORL",117,129,0
"2018-01-01","08:00 pm","MIN","LAL",127,78,0
"2018-01-01","08:00 pm","CHI","POR",99,124,0
"2018-01-02","07:00 pm","CLE","POR",126,86,0
"2018-01-02","07:30 pm","NYK","SAS",101,113,0
"2018-01-02","09:00 pm","PHO","ATL",88,120,0
"2018-01-02","10:00 pm","SAC","CHO",129,122,0
"2018-01-02","10:30 pm","LAC","MEM",135,97,0
"2018-01-03","07:00 pm","ORL","HOU",110,111,0
"2018-01-03","07:00 pm","WAS","NYK",114,100,0
"2018-01-03","07:00 pm","PHI","SAS",113,105,0
"2018-01-03","07:30 pm","MIA","DET",113,96,0
"2018-01-03","07:30 pm","BRK","MIN",101,88,0
"2018-01-03","08:00 pm","BOS","CLE",129,110,0
"2018-01-03","08:00 pm","MIL","IND",98,88,0
"2018-01-03","08:00 pm","CHI","TOR",96,109,0
"2018-01-03","08:30 pm","DAL","GSW",116,113,0
"2018-01-03","09:00 pm","UTA","NOP",122,88,0
"2018-01-03","09:00 pm","DEN","PHO",126,104,0
"2018-01-03","10:30 pm","LAL","OKC",115,125,0
"2018-01-04","08:00 pm","HOU","GSW",111,120,0
"2018-01-04","10:30 pm","LAC","OKC",124,121,0
"2018-01-05","07:00 pm","PHI","DET",90,114,0
"2018-01-05","07:00 pm","MIA","NYK",106,104,0
"2018-01-05","07:30 pm","BOS","MIN",129,104,0
"2018-01-05","08:00 pm","MIL","TOR",106,104,0
"2018-01-05","08:30 pm","DAL","CHI",110,90,0
"2018-01-05","08:30 pm","SAS","PHO",128,103,0
"2018-01-05","09:00 pm","DEN","UTA",101,98,0
"2018-01-05","09:30 pm","MEM","WAS",118,129,0
"2018-01-05","10:00 pm","POR","ATL",103,110,0
"2018-01-05","10:30 pm","LAL","CHO",111,96,0
"2018-01-06","03:30 pm","LAC","GSW",105,111,0
"2018-01-06","06:00 pm","BRK","BOS",101,108,0
"2018-01-06","07:00 pm","IND","CHI",105,109,0
"2018-01-06","07:00 pm","ORL","CLE",113,97,0
"2018-01-06","07:00 pm","DET","HOU",78,114,0
"2018-01-06","08:00 pm","WAS","MIL",93,97,0
"2018-01-06","09:00 pm","MIN","NOP",114,104,0
"2018-01-06","10:00 pm","SAC","DEN",106,117,0
"2018-01-07","03:30 pm","MIA","UTA",96,94,0
"2018-01-07","07:00 pm","DAL","NYK",97,106,0
"2018-01-07","08:00 pm","PHO","OKC",130,100,0
"2018-01-07","09:00 pm","POR","SAS",91,109,0
"2018-01-07","09:30 pm","LAL","ATL",74,101,0
"2018-01-08","07:00 pm","IND","MIL",92,102,0
"2018-01-08","07:30 pm","BRK","TOR",118,132,0
"2018-01-08","08:00 pm","MIN","CLE",81,104,0
"2018-01-08","08:00 pm","NOP","DET",97,86,0
"2018-01-08","08:00 pm","CHI","HOU",100,107,0
"2018-01-08","10:00 pm","SAC","SAS",112,97,0
"2018-01-08","10:30 pm","LAC","ATL",115,130,0
"2018-01-08","10:30 pm","GSW","DEN",93,105,0
"2018-01-09","07:30 pm","TOR","MIA",106,81,0
"2018-01-09","08:00 pm","OKC","POR",103,101,0
"2018-01-09","08:30 pm","DAL","ORL",111,145,0
"2018-01-09","10:30 pm","LAL","SAC",93,119,0
"2018-01-10","07:00 pm","CHO","DAL",93,103,0
"2018-01-10","07:00 pm","IND","MIA",99,118,0
"2018-01-10","07:00 pm","WAS","UTA",82,97,0
"2018-01-10","07:30 pm","NYK","CHI",106,113,0
"2018-01-10","07:30 pm","BRK","DET",110,121,0
"2018-01-10","08:00 pm","MEM","NOP",105,103,1
"2018-01-10","08:00 pm","MIN","OKC",106,104,0
"2018-01-10","08:00 pm","MIL","ORL",96,85,0
"2018-01-10","08:00 pm","HOU","POR",129,115,0
"2018-01-10","09:00 pm","DEN","ATL",105,84,0
"2018-01-10","10:30 pm","GSW","LAC",92,134,0
"2018-01-11","03:00 pm","PHI","BOS",124,103,0
"2018-01-11","08:00 pm","TOR","CLE",129,108,0
"2018-01-11","10:00 pm","SAC","LAC",112,118,0
"2018-01-11","10:30 pm","LAL","SAS",107,127,0
"2018-01-12","07:00 pm","IND","CLE",100,117,0
"2018-01-12","07:00 pm","WAS","ORL",111,112,0
"2018-01-12","07:00 pm","CHO","UTA",96,84,0
"2018-01-12","07:30 pm","ATL","BRK",110,88,0
"2018-01-12","08:00 pm","MIL","GSW",114,101,0
"2018-01-12","08:00 pm","MIN","NYK",101,98,0
"2018-01-12","08:00 pm","NOP","POR",100,104,0
"2018-01-12","09:00 pm","DEN","MEM",132,107,0
"2018-01-12","10:30 pm","PHO","HOU",132,121,0
"2018-01-13","02:00 pm","DAL","LAL",105,91,0
"2018-01-13","03:30 pm","LAC","SAC",111,109,0
"2018-01-13","05:00 pm","CHO","OKC",123,114,0
"2018-01-13","07:00 pm","WAS","BRK",112,82,0
"2018-01-13","07:30 pm","TOR","GSW",100,105,0
"2018-01-13","08:00 pm","CHI","DET",93,96,0
"2018-01-13","08:30 pm","SAS","DEN",120,92,0
"2018-01-14","01:00 pm","MIA","MIL",131,88,0
"2018-01-14","03:30 pm","NYK","NOP",117,102,0
"2018-01-14","08:00 pm","PHO","IND",103,112,0
"2018-01-14","09:00 pm","MIN","POR",106,133,0
"2018-01-15","01:00 pm","PHI","TOR",122,116,0
"2018-01-15","02:00 pm","WAS","MIL",104,93,0
"2018-01-15","03:00 pm","BRK","NYK",84,94,0
"2018-01-15","03:00 pm","OKC","SAC",118,96,0
"2018-01-15","03:00 pm","ATL","SAS",99,95,0
"2018-01-15","03:30 pm","CHI","MIA",110,86,0
"2018-01-15","05:30 pm","MEM","LAL",115,98,0
"2018-01-15","08:00 pm","CLE","GSW",115,118,0
"2018-01-15","09:00 pm","UTA","IND",102,81,0
"2018-01-15","10:30 pm","LAC","HOU",118,111,0
"2018-01-15","12:30 pm","DET","CHO",109,97,0
"2018-01-16","07:00 pm","ORL","MIN",110,98,0
"2018-01-16","07:30 pm","BOS","NOP",107,94,0
"2018-01-16","09:00 pm","DEN","DAL",110,94,0
"2018-01-16","10:00 pm","POR","PHO",117,98,0
"2018-01-17","07:00 pm","CHO","WAS",123,124,1
"2018-01-17","07:30 pm","TOR","DET",121,119,0
"2018-01-17","07:30 pm","ATL","NOP",96,91,0
"2018-01-17","07:30 pm","BRK","SAS",90,121,0
"2018-01-17","08:00 pm","CHI","GSW",98,108,0
"2018-01-17","08:00 pm","OKC","LAL",82,115,0
"2018-01-17","08:00 pm","MIL","MIA",107,92,0
"2018-01-17","08:00 pm","MEM","NYK",102,110,0
"2018-01-17","10:00 pm","SAC","UTA",78,88,0
"2018-01-17","10:30 pm","LAC","DEN",120,100,0
"2018-01-18","07:00 pm","CLE","ORL",125,104,0
"2018-01-18","07:00 pm","BOS","PHI",111,98,0
"2018-01-18","09:30 pm","HOU","MIN",122,103,0
"2018-01-18","10:00 pm","POR","IND",128,97,0
"2018-01-19","07:00 pm","TOR","SAS",99,86,0
"2018-01-19","07:30 pm","BRK","MIA",100,116,0
"2018-01-19","08:00 pm","MEM","SAC",128,89,0
"2018-01-19","08:00 pm","DET","WAS",119,110,0
"2018-01-19","09:00 pm","DEN","PHO",114,118,0
"2018-01-19","10:30 pm","LAL","IND",94,110,0
"2018-01-19","10:30 pm","UTA","NYK",89,84,0
"2018-01-20","03:30 pm","CLE","OKC",116,98,0
"2018-01-20","05:00 pm","ATL","CHI",88,98,0
"2018-01-20","07:00 pm","NOP","MEM",127,108,0
"2018-01-20","07:00 pm","CHO","MIA",105,112,0
"2018-01-20","07:30 pm","PHI","MIL",117,116,0
"2018-01-20","08:30 pm","HOU","GSW",94,108,0
"2018-01-20","09:00 pm","UTA","LAC",90,93,0
"2018-01-20","09:00 pm","MIN","TOR",84,117,0
"2018-01-20","10:00 pm","POR","DAL",105,115,0
"2018-01-21","01:00 pm","BOS","ORL",99,100,0
"2018-01-21","03:30 pm","LAL","NYK",109,101,0
"2018-01-21","04:00 pm","DET","BRK",81,126,0
"2018-01-21","07:00 pm","SAS","IND",117,121,1
"2018-01-22","07:00 pm","CHO","SAC",80,122,0
"2018-01-22","07:30 pm","ATL","UTA",85,95,0
"2018-01-22","08:00 pm","NOP","CHI",100,103,0
"2018-01-22","08:00 pm","HOU","MIA",122,95,0
"2018-01-22","08:00 pm","MEM","PHI",99,119,0
"2018-01-22","08:00 pm","MIL","PHO",117,101,0
"2018-01-22","08:30 pm","DAL","WAS",121,96,0
"2018-01-22","09:00 pm","DEN","POR",124,99,0
"2018-01-22","10:30 pm","LAC","MIN",117,120,0
"2018-01-23","07:00 pm","ORL","SAC",110,114,0
"2018-01-23","08:00 pm","OKC","BRK",110,103,0
"2018-01-23","08:00 pm","SAS","CLE",109,101,0
"2018-01-23","10:30 pm","LAL","BOS",101,123,0
"2018-01-23","10:30 pm","GSW","NYK",109,81,0
"2018-01-24","07:00 pm","PHI","CHI",108,115,0
"2018-01-24","07:00 pm","CHO","NOP",91,104,0
"2018-01-24","07:00 pm","IND","PHO",127,117,0
"2018-01-24","07:00 pm","DET","UTA",86,91,0
"2018-01-24","07:30 pm","ATL","TOR",117,100,0
"2018-01-24","08:00 pm","DAL","HOU",101,109,0
"2018-01-24","08:00 pm","MEM","SAS",93,102,0
"2018-01-24","10:00 pm","POR","MIN",117,101,0
"2018-01-24","10:30 pm","LAC","BOS",108,131,0
"2018-01-25","07:30 pm","MIA","SAC",113,97,0
"2018-01-25","08:00 pm","OKC","WAS",92,93,0
"2018-01-25","09:00 pm","DEN","NYK",80,92,0
"2018-01-25","10:30 pm","GSW","MIN",93,101,0
"2018-01-26","07:00 pm","CHO","ATL",112,94,0
"2018-01-26","07:30 pm","CLE","IND",102,124,0
"2018-01-26","07:30 pm","TOR","UTA",84,103,0
"2018-01-26","08:00 pm","MIL","BRK",94,103,0
"2018-01-26","08:00 pm","NOP","HOU",99,105,0
"2018-01-26","08:00 pm","MEM","LAC",117,113,0
"2018-01-26","08:00 pm","CHI","LAL",121,92,0
"2018-01-26","08:30 pm","SAS","PHI",101,117,0
"2018-01-26","08:30 pm","DAL","POR",89,93,0
"2018-01-26","09:00 pm","PHO","NYK",122,97,0
"2018-01-27","07:00 pm","DET","OKC",110,89,0
"2018-01-27","07:00 pm","IND","ORL",93,114,0
"2018-01-27","07:30 pm","MIA","CHO",133,126,0
"2018-01-27","07:30 pm","ATL","WAS",95,88,0
"2018-01-27","08:30 pm","GSW","BOS",112,86,0
"2018-01-27","09:00 pm","MIN","BRK",136,110,0
"2018-01-27","09:00 pm","DEN","DAL",107,91,0
"2018-01-28","03:30 pm","CHI","MIL",98,104,0
"2018-01-28","03:30 pm","HOU","PHO",110,117,0
"2018-01-28","04:00 pm","NOP","LAC",117,126,0
"2018-01-28","06:00 pm","CLE","DET",103,83,0
"2018-01-28","06:00 pm","TOR","LAL",112,87,0
"2018-01-28","06:00 pm","OKC","PHI",107,113,0
"2018-01-28","07:00 pm","SAS","SAC",96,101,0
"2018-01-29","07:00 pm","IND","CHO",102,77,0
"2018-01-29","07:30 pm","ATL","MIN",109,98,0
"2018-01-29","08:00 pm","MIL","PHI",97,119,0
"2018-01-29","08:00 pm","MEM","PHO",130,123,0
"2018-01-29","08:30 pm","DAL","MIA",83,105,0
"2018-01-29","09:00 pm","DEN","BOS",92,102,0
"2018-01-30","07:00 pm","WAS","OKC",110,125,0
"2018-01-30","07:30 pm","NYK","BRK",122,79,0
"2018-01-30","07:30 pm","TOR","MIN",107,109,0
"2018-01-30","08:00 pm","DET","CLE",108,113,0
"2018-01-30","08:00 pm","HOU","ORL",118,104,0
"2018-01-30","08:00 pm","NOP","SAC",96,122,0
"2018-01-30","08:30 pm","SAS","DEN",117,95,0
"2018-01-30","09:00 pm","UTA","GSW",102,90,0
"2018-01-30","10:30 pm","LAC","POR",126,125,0
"2018-01-31","07:00 pm","ORL","LAL",89,98,0
"2018-01-31","07:00 pm","IND","MEM",113,131,0
"2018-01-31","07:30 pm","ATL","CHO",97,108,0
"2018-01-31","07:30 pm","CLE","MIA",119,107,0
"2018-01-31","07:30 pm","BRK","PHI",116,123,1
"2018-01-31","08:00 pm","BOS","NYK",122,100,0
"2018-01-31","10:00 pm","POR","CHI",106,100,0
"2018-01-31","10:30 pm","PHO","DAL",106,127,0
"2018-02-01","07:00 pm","DET","MEM",95,100,0
"2018-02-01","07:00 pm","WAS","TOR",127,113,0
"2018-02-01","08:00 pm","SAS","HOU",93,104,0
"2018-02-01","08:00 pm","MIN","MIL",104,107,0
"2018-02-01","10:30 pm","DEN","OKC",110,91,0
"2018-02-02","07:00 pm","CHO","IND",117,100,0
"2018-02-02","07:30 pm","BOS","ATL",99,96,0
"2018-02-02","07:30 pm","BRK","LAL",119,100,0
"2018-02-02","07:30 pm","TOR","POR",101,100,0
"2018-02-02","08:00 pm","PHI","MIA",112,92,0
"2018-02-02","08:00 pm","MIL","NYK",113,111,0
"2018-02-02","09:00 pm","OKC","NOP",114,118,1
"2018-02-02","09:00 pm","PHO","UTA",98,115,0
"2018-02-02","10:30 pm","SAC","GSW",114,118,0
"2018-02-03","03:30 pm","LAC","CHI",124,99,0
"2018-02-03","07:00 pm","DET","MIA",96,103,0
"2018-02-03","07:00 pm","IND","PHI",112,106,0
"2018-02-03","07:00 pm","ORL","WAS",108,78,0
"2018-02-03","08:30 pm","CLE","HOU",114,110,0
"2018-02-03","09:00 pm","DEN","GSW",79,95,0
"2018-02-03","09:00 pm","MIN","NOP",133,102,0
"2018-02-03","09:00 pm","SAS","UTA",91,96,0
"2018-02-03","10:00 pm","SAC","DAL",85,101,0
"2018-02-04","02:00 pm","OKC","LAL",89,106,0
"2018-02-04","03:00 pm","PHO","CHO",118,108,0
"2018-02-04","12:00 pm","NYK","ATL",102,110,0
"2018-02-04","12:00 pm","TOR","MEM",97,121,0
"2018-02-04","12:00 pm","BRK","MIL",111,103,0
"2018-02-04","12:00 pm","BOS","POR",113,135,0
"2018-02-05","07:00 pm","DET","POR",97,112,0
"2018-02-05","07:00 pm","IND","WAS",107,109,0
"2018-02-05","07:30 pm","MIA","ORL",99,101,0
"2018-02-05","08:00 pm","NOP","UTA",94,84,0
"2018-02-05","09:00 pm","DEN","CHO",106,123,0
"2018-02-05","10:00 pm","SAC","CHI",88,99,0
"2018-02-05","10:30 pm","LAC","DAL",133,114,0
"2018-02-06","07:00 pm","ORL","CLE",111,102,0
"2018-02-06","07:30 pm","TOR","BOS",138,92,0
"2018-02-06","07:30 pm","BRK","HOU",98,121,0
"2018-02-06","07:30 pm","ATL","MEM",73,122,0
"2018-02-06","07:30 pm","NYK","MIL",94,88,0
"2018-02-06","08:00 pm","PHI","WAS",122,125,0
"2018-02-06","10:30 pm","GSW","OKC",107,100,0
"2018-02-06","10:30 pm","LAL","PHO",97,110,0
"2018-02-07","07:00 pm","DET","BRK",96,99,0
"2018-02-07","07:30 pm","MIA","HOU",111,123,0
"2018-02-07","08:00 pm","NOP","IND",104,97,0
"2018-02-07","08:00 pm","CLE","MIN",114,88,0
"2018-02-07","08:00 pm","MEM","UTA",111,114,1
"2018-02-07","10:30 pm","PHO","SAS",117,104,0
"2018-02-08","07:00 pm","ORL","ATL",102,115,0
"2018-02-08","07:30 pm","TOR","NYK",105,100,0
"2018-02-08","08:00 pm","WAS","BOS",105,99,0
"2018-02-08","10:00 pm","POR","CHO",122,96,0
"2018-02-08","10:30 pm","GSW","DAL",115,100,0
"2018-02-08","10:30 pm","LAL","OKC",109,97,0
"2018-02-09","07:00 pm","DET","LAC",101,111,0
"2018-02-09","07:00 pm","PHI","NOP",109,114,0
"2018-02-09","07:30 pm","ATL","CLE",105,112,0
"2018-02-09","07:30 pm","BOS","IND",109,105,0
"2018-02-09","08:00 pm","HOU","DEN",114,95,0
"2018-02-09","08:00 pm","MIA","MIL",123,118,1
"2018-02-09","08:00 pm","CHI","MIN",108,125,0
"2018-02-09","09:00 pm","UTA","CHO",81,112,0
"2018-02-09","10:30 pm","SAC","POR",112,105,0
"2018-02-10","06:00 pm","BRK","NOP",123,131,0
"2018-02-10","07:00 pm","PHI","LAC",116,93,0
"2018-02-10","07:00 pm","ORL","MIL",92,98,0
"2018-02-10","08:00 pm","CHI","WAS",103,102,0
"2018-02-10","08:30 pm","DAL","LAL",110,98,0
"2018-02-10","08:30 pm","GSW","SAS",101,94,0
"2018-02-10","09:00 pm","PHO","DEN",118,99,0
"2018-02-11","01:00 pm","CHO","TOR",105,60,0
"2018-02-11","03:30 pm","BOS","CLE",119,126,0
"2018-02-11","03:30 pm","ATL","DET",117,109,0
"2018-02-11","05:00 pm","IND","NYK",77,103,0
"2018-02-11","07:00 pm","HOU","DAL",81,114,0
"2018-02-11","07:00 pm","OKC","MEM",87,97,0
"2018-02-11","07:00 pm","MIN","SAC",94,91,0
"2018-02-11","09:00 pm","POR","UTA",101,98,0
"2018-02-12","07:00 pm","DET","NOP",90,95,0
"2018-02-12","07:00 pm","PHI","NYK",127,136,1
"2018-02-12","07:30 pm","BRK","LAC",105,97,0
"2018-02-12","08:00 pm","CHI","ORL",96,105,0
"2018-02-12","09:00 pm","UTA","SAS",91,89,0
"2018-02-12","10:30 pm","GSW","PHO",123,93,0
"2018-02-13","07:00 pm","TOR","MIA",125,92,0
"2018-02-13","08:00 pm","MIL","ATL",100,113,0
"2018-02-13","08:00 pm","OKC","CLE",120,104,0
"2018-02-13","08:00 pm","MIN","HOU",113,136,0
"2018-02-13","08:30 pm","DAL","SAC",103,83,0
"2018-02-13","10:30 pm","DEN","SAS",96,112,0
"2018-02-14","07:00 pm","DET","ATL",94,105,0
"2018-02-14","07:00 pm","ORL","CHO",104,83,0
"2018-02-14","07:00 pm","PHI","MIA",133,108,0
"2018-02-14","07:30 pm","BRK","IND",89,103,0
"2018-02-14","07:30 pm","NYK","WAS",128,122,0
"2018-02-14","08:00 pm","BOS","LAC",90,146,0
"2018-02-14","08:00 pm","NOP","LAL",85,86,0
"2018-02-14","08:00 pm","MEM","OKC",123,118,0
"2018-02-14","08:00 pm","HOU","SAC",109,104,0
"2018-02-14","08:00 pm","CHI","TOR",97,101,0
"2018-02-14","09:00 pm","UTA","PHO",137,121,0
"2018-02-14","10:30 pm","POR","GSW",132,115,0
"2018-02-15","08:00 pm","MIL","DEN",122,113,0
"2018-02-15","09:00 pm","MIN","LAL",111,74,0
"2018-02-22","07:00 pm","CHO","BRK",106,132,0
"2018-02-22","07:00 pm","ORL","NYK",119,90,0
"2018-02-22","08:00 pm","CHI","PHI",87,105,0
"2018-02-22","08:00 pm","CLE","WAS",130,79,0
"2018-02-22","10:00 pm","SAC","OKC",112,106,0
"2018-02-22","10:30 pm","GSW","LAC",123,110,0
"2018-02-23","07:00 pm","IND","ATL",102,114,0
"2018-02-23","07:00 pm","DET","BOS",122,98,0
"2018-02-23","07:00 pm","WAS","CHO",105,117,0
"2018-02-23","07:30 pm","TOR","MIL",112,101,0
"2018-02-23","08:00 pm","MEM","CLE",98,116,0
"2018-02-23","08:00 pm","NOP","MIA",103,101,0
"2018-02-23","08:00 pm","HOU","MIN",131,103,0
"2018-02-23","09:00 pm","PHO","LAC",131,99,0
"2018-02-23","09:00 pm","UTA","POR",89,102,0
"2018-02-23","09:00 pm","DEN","SAS",101,103,0
"2018-02-23","10:30 pm","LAL","DAL",86,117,0
"2018-02-24","05:00 pm","PHI","ORL",119,89,0
"2018-02-24","07:30 pm","NYK","BOS",110,106,0
"2018-02-24","07:30 pm","MIA","MEM",95,106,0
"2018-02-24","08:30 pm","GSW","OKC",128,92,0
"2018-02-24","09:00 pm","MIN","CHI",114,110,0
"2018-02-24","09:00 pm","UTA","DAL",86,95,0
"2018-02-24","09:00 pm","PHO","POR",113,114,0
"2018-02-24","10:00 pm","SAC","LAL",108,94,0
"2018-02-25","01:00 pm","CHO","DET",103,91,0
"2018-02-25","03:00 pm","MIL","NOP",117,98,0
"2018-02-25","03:30 pm","CLE","SAS",117,101,0
"2018-02-25","08:00 pm","DEN","HOU",116,110,0
"2018-02-25","08:00 pm","WAS","PHI",111,114,0
"2018-02-26","07:30 pm","BRK","CHI",104,115,0
"2018-02-26","07:30 pm","TOR","DET",116,95,0
"2018-02-26","07:30 pm","NYK","GSW",108,95,0
"2018-02-26","07:30 pm","ATL","LAL",109,73,0
"2018-02-26","07:30 pm","BOS","MEM",126,113,0
"2018-02-26","08:00 pm","OKC","ORL",116,107,0
"2018-02-26","08:00 pm","NOP","PHO",107,109,0
"2018-02-26","08:30 pm","DAL","IND",117,93,0
"2018-02-26","09:00 pm","UTA","HOU",83,100,0
"2018-02-26","10:00 pm","SAC","MIN",95,117,0
"2018-02-27","07:00 pm","CLE","BRK",137,92,0
"2018-02-27","07:00 pm","CHO","CHI",135,99,0
"2018-02-27","07:30 pm","MIA","PHI",105,114,0
"2018-02-27","08:00 pm","MIL","WAS",104,116,0
"2018-02-27","10:00 pm","POR","SAC",108,107,0
"2018-02-27","10:30 pm","DEN","LAC",112,88,0
"2018-02-28","07:00 pm","DET","MIL",119,94,0
"2018-02-28","07:00 pm","ORL","TOR",86,102,0
"2018-02-28","07:30 pm","BOS","CHO",97,120,0
"2018-02-28","07:30 pm","ATL","IND",91,87,0
"2018-02-28","08:00 pm","WAS","GSW",135,107,0
"2018-02-28","08:00 pm","MEM","PHO",151,124,0
"2018-02-28","08:30 pm","SAS","NOP",102,86,0
"2018-02-28","08:30 pm","DAL","OKC",83,105,0
"2018-02-28","10:30 pm","LAC","HOU",120,107,0
"2018-03-01","07:30 pm","MIA","LAL",95,103,0
"2018-03-01","08:00 pm","CLE","PHI",120,75,0
"2018-03-01","10:00 pm","SAC","BRK",115,101,0
"2018-03-01","10:30 pm","POR","MIN",110,125,0
"2018-03-02","07:00 pm","PHI","CHO",127,109,0
"2018-03-02","07:00 pm","ORL","DET",104,99,0
"2018-03-02","07:30 pm","ATL","GSW",114,91,0
"2018-03-02","08:00 pm","CHI","DAL",107,108,0
"2018-03-02","08:00 pm","MEM","DEN",107,92,0
"2018-03-02","08:00 pm","MIL","IND",85,83,0
"2018-03-02","08:00 pm","WAS","TOR",81,114,0
"2018-03-02","09:00 pm","PHO","OKC",119,114,0
"2018-03-02","10:30 pm","UTA","MIN",91,108,0
"2018-03-02","10:30 pm","LAC","NYK",112,101,0
"2018-03-03","07:00 pm","ORL","MEM",94,105,0
"2018-03-03","07:30 pm","CLE","DEN",93,91,0
"2018-03-03","07:30 pm","MIA","DET",100,96,0
"2018-03-03","08:30 pm","HOU","BOS",121,84,0
"2018-03-03","09:00 pm","SAS","LAL",98,100,0
"2018-03-03","10:00 pm","POR","OKC",107,110,0
"2018-03-03","10:00 pm","SAC","UTA",92,104,0
"2018-03-04","03:30 pm","ATL","PHO",126,109,0
"2018-03-04","06:00 pm","TOR","CHO",105,102,0
"2018-03-04","06:00 pm","WAS","IND",112,108,0
"2018-03-04","07:00 pm","DAL","NOP",102,92,0
"2018-03-04","08:00 pm","MIL","PHI",90,103,0
"2018-03-04","09:00 pm","LAC","BRK",115,124,0
"2018-03-04","09:00 pm","SAC","NYK",97,83,0
"2018-03-05","07:00 pm","CLE","DET",118,101,0
"2018-03-05","07:00 pm","IND","MIL",88,94,0
"2018-03-05","07:30 pm","MIA","PHO",103,90,0
"2018-03-05","08:00 pm","CHI","BOS",101,133,0
"2018-03-05","08:30 pm","SAS","MEM",113,95,0
"2018-03-05","09:00 pm","UTA","ORL",100,87,0
"2018-03-05","10:30 pm","LAL","POR",86,113,0
"2018-03-06","07:00 pm","TOR","ATL",119,117,0
"2018-03-06","07:00 pm","WAS","MIA",138,114,0
"2018-03-06","07:00 pm","CHO","PHI",81,106,0
"2018-03-06","08:00 pm","OKC","HOU",122,120,0
"2018-03-06","08:30 pm","DAL","DEN",108,86,0
"2018-03-06","10:00 pm","POR","NYK",126,110,0
"2018-03-06","10:30 pm","GSW","BRK",111,83,0
"2018-03-06","10:30 pm","LAC","NOP",106,90,0
"2018-03-07","07:00 pm","IND","UTA",97,90,0
"2018-03-07","08:00 pm","MIL","HOU",114,107,0
"2018-03-07","08:00 pm","CHI","MEM",106,105,0
"2018-03-07","08:00 pm","DET","TOR",99,94,0
"2018-03-07","10:00 pm","SAC","NOP",106,102,0
"2018-03-07","10:30 pm","DEN","CLE",98,105,0
"2018-03-07","10:30 pm","LAL","ORL",84,96,0
"2018-03-08","07:00 pm","CHO","BRK",113,109,0
"2018-03-08","07:30 pm","MIA","PHI",117,113,0
"2018-03-08","08:00 pm","MIN","BOS",118,113,0
"2018-03-08","08:00 pm","OKC","PHO",116,120,0
"2018-03-08","10:30 pm","GSW","SAS",112,86,0
"2018-03-09","07:00 pm","IND","ATL",91,83,0
"2018-03-09","07:00 pm","DET","CHI",114,102,0
"2018-03-09","07:30 pm","TOR","HOU",117,115,0
"2018-03-09","08:00 pm","MIL","NYK",95,90,0
"2018-03-09","08:00 pm","MEM","UTA",102,110,0
"2018-03-09","08:00 pm","NOP","WAS",109,96,0
"2018-03-09","09:00 pm","DEN","LAL",109,103,0
"2018-03-09","10:00 pm","POR","GSW",110,115,0
"2018-03-09","10:00 pm","SAC","ORL",118,106,0
"2018-03-09","10:30 pm","LAC","CLE",120,94,0
"2018-03-10","05:00 pm","CHO","PHO",115,117,0
"2018-03-10","07:30 pm","MIA","WAS",91,115,0
"2018-03-10","08:30 pm","DAL","MEM",110,113,0
"2018-03-10","08:30 pm","OKC","SAS",111,109,0
"2018-03-10","10:30 pm","LAC","ORL",123,98,0
"2018-03-11","01:00 pm","NYK","TOR",93,101,0
"2018-03-11","03:30 pm","ATL","CHI",102,100,1
"2018-03-11","03:30 pm","MIN","GSW",113,108,0
"2018-03-11","04:00 pm","NOP","UTA",91,98,0
"2018-03-11","05:00 pm","DEN","SAC",115,114,0
"2018-03-11","07:00 pm","DAL","HOU",87,91,0
"2018-03-11","07:30 pm","BOS","IND",125,107,0
"2018-03-11","07:30 pm","BRK","PHI",127,132,0
"2018-03-11","09:00 pm","LAL","CLE",114,85,0
"2018-03-12","08:00 pm","MEM","MIL",118,110,0
"2018-03-12","08:00 pm","OKC","SAC",109,108,0
"2018-03-12","08:00 pm","HOU","SAS",126,94,0
"2018-03-12","10:30 pm","POR","MIA",95,94,0
"2018-03-13","07:00 pm","PHI","IND",129,106,0
"2018-03-13","07:00 pm","WAS","MIN",128,108,0
"2018-03-13","07:30 pm","NYK","DAL",99,82,0
"2018-03-13","07:30 pm","ATL","OKC",112,100,0
"2018-03-13","07:30 pm","BRK","TOR",95,116,0
"2018-03-13","08:00 pm","NOP","CHO",116,95,0
"2018-03-13","08:00 pm","CHI","LAC",90,107,0
"2018-03-13","08:30 pm","SAS","ORL",100,82,0
"2018-03-13","09:00 pm","UTA","DET",107,76,0
"2018-03-13","10:00 pm","PHO","CLE",130,103,0
"2018-03-13","10:30 pm","LAL","DEN",117,115,0
"2018-03-14","07:00 pm","ORL","MIL",91,85,0
"2018-03-14","08:00 pm","BOS","WAS",115,122,0
"2018-03-14","10:00 pm","SAC","MIA",99,109,0
"2018-03-14","10:30 pm","GSW","LAL",117,108,0
"2018-03-15","07:00 pm","IND","TOR",97,85,0
"2018-03-15","07:30 pm","ATL","CHO",123,107,0
"2018-03-15","07:30 pm","NYK","PHI",105,69,0
"2018-03-15","08:00 pm","MEM","CHI",110,83,0
"2018-03-15","08:00 pm","HOU","LAC",103,96,1
"2018-03-15","08:30 pm","SAS","NOP",122,84,0
"2018-03-15","09:00 pm","DEN","DET",123,105,0
"2018-03-15","09:00 pm","UTA","PHO",113,101,0
"2018-03-15","10:00 pm","POR","CLE",103,121,0
"2018-03-16","07:00 pm","ORL","BOS",94,114,0
"2018-03-16","07:00 pm","PHI","BRK",125,105,0
"2018-03-16","07:30 pm","TOR","DAL",107,95,0
"2018-03-16","08:00 pm","OKC","LAC",118,99,0
"2018-03-16","10:30 pm","LAL","MIA",111,103,0
"2018-03-16","10:30 pm","GSW","SAC",107,85,0
"2018-03-17","07:00 pm","NOP","HOU",109,98,0
"2018-03-17","07:00 pm","WAS","IND",93,109,0
"2018-03-17","07:30 pm","NYK","CHO",128,95,0
"2018-03-17","07:30 pm","BRK","DAL",96,110,0
"2018-03-17","08:00 pm","CHI","CLE",101,96,0
"2018-03-17","08:00 pm","MEM","DEN",117,102,0
"2018-03-17","08:30 pm","MIL","ATL",106,93,0
"2018-03-17","08:30 pm","SAS","MIN",99,102,0
"2018-03-17","09:00 pm","UTA","SAC",95,85,0
"2018-03-17","10:00 pm","POR","DET",129,81,0
"2018-03-17","10:00 pm","PHO","GSW",119,116,0
"2018-03-18","01:00 pm","TOR","OKC",126,120,0
"2018-03-18","06:00 pm","NOP","BOS",118,100,0
"2018-03-18","07:00 pm","MIN","HOU",125,101,0
"2018-03-18","10:30 pm","LAC","POR",103,114,0
"2018-03-19","07:00 pm","PHI","CHO",108,123,0
"2018-03-19","07:00 pm","IND","LAL",92,101,0
"2018-03-19","07:00 pm","CLE","MIL",110,95,0
"2018-03-19","07:30 pm","NYK","CHI",94,77,0
"2018-03-19","07:30 pm","MIA","DEN",103,97,0
"2018-03-19","07:30 pm","BRK","MEM",121,94,0
"2018-03-19","09:30 pm","SAS","GSW",105,88,0
"2018-03-19","10:00 pm","SAC","DET",88,82,0
"2018-03-20","07:00 pm","ORL","TOR",109,93,0
"2018-03-20","08:00 pm","NOP","DAL",109,103,0
"2018-03-20","08:00 pm","MIN","LAC",109,105,0
"2018-03-20","08:00 pm","BOS","OKC",118,106,0
"2018-03-20","09:00 pm","UTA","ATL",84,88,0
"2018-03-20","10:00 pm","PHO","DET",97,134,0
"2018-03-20","10:30 pm","POR","HOU",89,90,0
"2018-03-21","07:00 pm","PHI","MEM",103,82,0
"2018-03-21","07:00 pm","CLE","TOR",101,110,0
"2018-03-21","07:30 pm","BRK","CHO",126,131,1
"2018-03-21","07:30 pm","MIA","NYK",108,117,0
"2018-03-21","08:00 pm","CHI","DEN",88,107,0
"2018-03-21","08:00 pm","MIL","LAC",107,135,0
"2018-03-21","09:30 pm","SAS","WAS",99,101,0
"2018-03-22","07:00 pm","CHO","MEM",85,111,0
"2018-03-22","07:00 pm","ORL","PHI",119,126,0
"2018-03-22","08:00 pm","HOU","DET",113,99,0
"2018-03-22","08:00 pm","NOP","LAL",113,96,0
"2018-03-22","08:30 pm","DAL","UTA",105,115,1
"2018-03-22","10:00 pm","SAC","ATL",109,98,0
"2018-03-23","07:00 pm","WAS","DEN",107,117,0
"2018-03-23","07:00 pm","IND","LAC",79,93,0
"2018-03-23","07:30 pm","TOR","BRK",115,93,0
"2018-03-23","07:30 pm","NYK","MIN",98,106,0
"2018-03-23","07:30 pm","CLE","PHO",103,124,0
"2018-03-23","08:00 pm","OKC","MIA",112,111,0
"2018-03-23","08:00 pm","CHI","MIL",115,78,0
"2018-03-23","08:30 pm","SAS","UTA",104,99,0
"2018-03-23","10:00 pm","POR","BOS",115,96,0
"2018-03-23","10:30 pm","GSW","ATL",101,92,0
"2018-03-24","06:00 pm","PHI","MIN",108,118,0
"2018-03-24","07:00 pm","DET","CHI",97,84,0
"2018-03-24","07:00 pm","ORL","PHO",125,117,0
"2018-03-24","08:00 pm","MEM","LAL",116,89,0
"2018-03-24","08:00 pm","HOU","NOP",118,106,0
"2018-03-24","08:30 pm","DAL","CHO",98,94,0
"2018-03-25","01:00 pm","BRK","CLE",86,121,0
"2018-03-25","03:30 pm","MIL","SAS",112,96,0
"2018-03-25","05:00 pm","IND","MIA",89,96,0
"2018-03-25","06:00 pm","SAC","BOS",129,121,0
"2018-03-25","06:00 pm","TOR","LAC",89,105,0
"2018-03-25","06:00 pm","WAS","NYK",93,84,0
"2018-03-25","07:00 pm","OKC","POR",99,117,0
"2018-03-25","08:00 pm","HOU","ATL",128,93,0
"2018-03-25","08:30 pm","GSW","UTA",119,98,0
"2018-03-26","07:00 pm","PHI","DEN",110,119,0
"2018-03-26","07:00 pm","DET","LAL",132,111,0
"2018-03-26","07:00 pm","CHO","NYK",111,83,0
"2018-03-26","08:00 pm","MIN","MEM",98,115,0
"2018-03-26","10:00 pm","PHO","BOS",109,132,0
"2018-03-27","07:00 pm","WAS","SAS",81,104,0
"2018-03-27","07:30 pm","TOR","DEN",103,113,0
"2018-03-27","08:00 pm","HOU","CHI",98,88,0
"2018-03-27","08:00 pm","MIA","CLE",96,103,0
"2018-03-27","08:00 pm","NOP","POR",102,117,0
"2018-03-27","10:00 pm","SAC","DAL",111,82,0
"2018-03-27","10:30 pm","GSW","IND",125,87,0
"2018-03-27","10:30 pm","LAC","MIL",115,83,0
"2018-03-28","07:00 pm","ORL","BRK",113,101,0
"2018-03-28","07:00 pm","CHO","CLE",113,117,0
"2018-03-28","07:00 pm","PHI","NYK",105,99,0
"2018-03-28","08:00 pm","MIN","ATL",108,98,0
"2018-03-28","08:00 pm","MEM","POR",106,131,0
"2018-03-28","09:30 pm","UTA","BOS",121,106,0
"2018-03-28","10:00 pm","PHO","LAC",89,145,0
"2018-03-28","10:30 pm","LAL","DAL",111,67,0
"2018-03-29","07:00 pm","DET","WAS",96,107,0
"2018-03-29","07:30 pm","MIA","CHI",100,111,0
"2018-03-29","08:00 pm","SAS","OKC",113,83,0
"2018-03-29","10:00 pm","SAC","IND",108,97,0
"2018-03-29","10:30 pm","GSW","MIL",126,91,0
"2018-03-30","07:00 pm","ORL","CHI",90,95,0
"2018-03-30","07:30 pm","ATL","PHI",94,79,0
"2018-03-30","08:00 pm","OKC","DEN",114,120,0
"2018-03-30","08:00 pm","CLE","NOP",113,105,0
"2018-03-30","08:00 pm","HOU","PHO",139,103,0
"2018-03-30","08:30 pm","DAL","MIN",109,133,0
"2018-03-30","09:00 pm","UTA","MEM",109,85,0
"2018-03-30","10:30 pm","POR","LAC",112,122,0
"2018-03-30","10:30 pm","LAL","MIL",77,107,0
"2018-03-31","03:00 pm","WAS","CHO",102,98,0
"2018-03-31","05:00 pm","NYK","DET",105,84,0
"2018-03-31","07:30 pm","BOS","TOR",77,102,0
"2018-03-31","08:00 pm","MIA","BRK",82,156,0
"2018-03-31","10:00 pm","SAC","GSW",115,90,0
"2018-04-01","01:00 pm","CHO","PHI",125,112,0
"2018-04-01","03:30 pm","SAS","HOU",104,108,0
"2018-04-01","03:30 pm","LAC","IND",116,78,0
"2018-04-01","03:30 pm","CHI","WAS",110,105,0
"2018-04-01","06:00 pm","CLE","DAL",119,105,0
"2018-04-01","06:00 pm","BRK","DET",107,130,0
"2018-04-01","06:00 pm","NOP","OKC",115,97,0
"2018-04-01","06:00 pm","ATL","ORL",86,102,0
"2018-04-01","07:00 pm","MIN","UTA",109,88,0
"2018-04-01","08:00 pm","DEN","MIL",116,89,0
"2018-04-01","08:30 pm","GSW","PHO",127,115,0
"2018-04-01","09:00 pm","POR","MEM",120,113,0
"2018-04-01","09:30 pm","LAL","SAC",111,93,0
"2018-04-03","07:00 pm","PHI","BRK",139,112,0
"2018-04-03","07:00 pm","CLE","TOR",97,102,0
"2018-04-03","07:30 pm","MIA","ATL",84,88,0
"2018-04-03","07:30 pm","NYK","ORL",87,114,0
"2018-04-03","08:00 pm","MIL","BOS",122,101,0
"2018-04-03","08:00 pm","CHI","CHO",107,94,0
"2018-04-03","08:00 pm","OKC","GSW",92,99,0
"2018-04-03","08:00 pm","HOU","WAS",145,115,0
"2018-04-03","08:30 pm","DAL","POR",101,96,0
"2018-04-03","09:00 pm","DEN","IND",105,87,0
"2018-04-03","09:00 pm","UTA","LAL",112,113,1
"2018-04-03","10:00 pm","PHO","SAC",112,103,0
"2018-04-03","10:30 pm","LAC","SAS",126,116,0
"2018-04-04","07:00 pm","TOR","BOS",116,112,0
"2018-04-04","07:00 pm","ORL","DAL",111,87,0
"2018-04-04","07:00 pm","DET","PHI",128,104,0
"2018-04-04","07:30 pm","ATL","MIA",129,96,0
"2018-04-04","09:30 pm","NOP","MEM",104,95,0
"2018-04-04","10:30 pm","LAL","SAS",86,106,0
"2018-04-05","07:00 pm","IND","GSW",101,119,0
"2018-04-05","08:00 pm","MIL","BRK",102,113,0
"2018-04-05","08:00 pm","HOU","POR",120,96,0
"2018-04-05","08:00 pm","CLE","WAS",96,120,0
"2018-04-05","09:00 pm","UTA","LAC",106,111,0
"2018-04-05","10:30 pm","DEN","MIN",126,84,0
"2018-04-06","07:00 pm","WAS","ATL",112,91,0
"2018-04-06","07:00 pm","ORL","CHO",113,93,0
"2018-04-06","07:00 pm","PHI","CLE",90,104,0
"2018-04-06","07:00 pm","DET","DAL",93,99,0
"2018-04-06","07:30 pm","BOS","CHI",121,117,1
"2018-04-06","07:30 pm","TOR","IND",106,113,0
"2018-04-06","07:30 pm","NYK","MIA",76,89,0
"2018-04-06","08:00 pm","MEM","SAC",117,114,1
"2018-04-06","10:00 pm","PHO","NOP",117,138,0
"2018-04-06","10:30 pm","LAL","MIN",118,113,0
"2018-04-07","03:30 pm","LAC","DEN",112,93,0
"2018-04-07","07:30 pm","NYK","MIL",113,94,0
"2018-04-07","08:00 pm","CHI","BRK",116,112,0
"2018-04-07","08:30 pm","GSW","NOP",128,89,0
"2018-04-07","08:30 pm","HOU","OKC",141,95,0
"2018-04-07","09:00 pm","SAS","POR",113,127,0
"2018-04-08","01:00 pm","PHI","DAL",136,110,0
"2018-04-08","01:00 pm","CHO","IND",88,102,0
"2018-04-08","03:30 pm","MEM","DET",105,100,0
"2018-04-08","06:00 pm","TOR","ORL",111,97,0
"2018-04-08","06:00 pm","LAL","UTA",84,92,0
"2018-04-08","07:30 pm","BOS","ATL",101,133,0
"2018-04-08","09:00 pm","PHO","GSW",108,115,0
"2018-04-09","07:00 pm","DET","TOR",80,114,0
"2018-04-09","07:30 pm","BRK","CHI",79,99,0
"2018-04-09","07:30 pm","NYK","CLE",95,114,0
"2018-04-09","07:30 pm","MIA","OKC",129,121,0
"2018-04-09","08:00 pm","MIN","MEM",98,108,0
"2018-04-09","08:00 pm","MIL","ORL",115,117,1
"2018-04-09","08:30 pm","SAS","SAC",96,91,0
"2018-04-09","09:00 pm","DEN","POR",102,77,0
"2018-04-09","10:30 pm","LAC","NOP",115,104,0
"2018-04-10","07:00 pm","IND","CHO",115,96,0
"2018-04-10","07:30 pm","ATL","PHI",97,139,0
"2018-04-10","08:00 pm","WAS","BOS",119,72,0
"2018-04-10","08:30 pm","DAL","PHO",109,113,0
"2018-04-10","09:00 pm","UTA","GSW",109,90,0
"2018-04-10","10:30 pm","LAL","HOU",100,102,0
"2018-04-11","08:00 pm","BOS","BRK",117,93,0
"2018-04-11","08:00 pm","MIN","DEN",110,107,0
"2018-04-11","08:00 pm","CHI","DET",99,102,0
"2018-04-11","08:00 pm","OKC","MEM",125,114,0
"2018-04-11","08:00 pm","PHI","MIL",134,133,1
"2018-04-11","08:00 pm","CLE","NYK",108,98,0
"2018-04-11","08:00 pm","NOP","SAS",90,102,0
"2018-04-11","08:00 pm","MIA","TOR",95,113,0
"2018-04-11","08:00 pm","ORL","WAS",133,112,0
"2018-04-11","10:30 pm","SAC","HOU",112,99,0
"2018-04-11","10:30 pm","LAC","LAL",100,101,0
"2018-04-11","10:30 pm","POR","UTA",100,89,0
